Rainfall_Terni,Flow_Rate_Lupa
2.797,-97.71291590254127
2.797,-97.71291590254127
2.797,-97.71291590254127
2.797,-97.71291590254127
2.797,-97.71291590254127
2.797,-97.71291590254127
2.797,-97.71291590254127
2.797,-97.71291590254127
2.797,-97.71291590254127
2.797,-97.71291590254127
2.797,-97.71291590254127
2.797,-97.71291590254127
2.797,-97.71291590254127
2.797,-97.71291590254127
2.797,-97.71291590254127
2.797,-97.71291590254127
2.797,-97.71291590254127
2.797,-97.71291590254127
2.797,-97.71291590254127
2.797,-97.71291590254127
2.797,-97.71291590254127
2.797,-97.71291590254127
2.797,-97.71291590254127
2.797,-97.71291590254127
2.797,-97.71291590254127
2.797,-97.71291590254127
2.797,-97.71291590254127
2.797,-97.71291590254127
2.797,-97.71291590254127
2.797,-97.71291590254127
2.797,-97.71291590254127
2.763,-97.71291590254127
2.763,-97.71291590254127
2.763,-97.71291590254127
2.763,-97.71291590254127
2.763,-97.71291590254127
2.763,-97.71291590254127
2.763,-97.71291590254127
2.763,-97.71291590254127
2.763,-97.71291590254127
2.763,-97.71291590254127
2.763,-97.71291590254127
2.763,-97.71291590254127
2.763,-97.71291590254127
2.763,-97.71291590254127
2.763,-97.71291590254127
2.763,-97.71291590254127
2.763,-97.71291590254127
2.763,-97.71291590254127
2.763,-166.02
2.763,-166.97
2.763,-167.72
2.763,-168.65
2.763,-169.42
2.763,-170.21
2.763,-171.1
2.763,-171.69
2.763,-172.07
2.763,-172.33
2.076,-172.68
2.076,-172.88
2.076,-173.15
2.076,-173.55
2.076,-173.83
2.076,-175.7
2.076,-176.86
2.076,-177.86
2.076,-178.9
2.076,-180.08
2.076,-180.45
2.076,-181.34
2.076,-181.77
2.076,-181.71
2.076,-181.83
2.076,-181.8
2.076,-181.9
2.076,-181.86
2.076,-182.02
2.076,-182.14
2.076,-182.31
2.076,-182.13
2.076,-182.04
2.076,-182.0
2.076,-182.03
2.076,-181.87
2.076,-181.64
2.076,-181.4
2.076,-180.9
2.076,-180.61
2.076,-180.42
2.79,-180.18
2.79,-179.95
2.79,-179.92
2.79,-179.89
2.79,-179.94
2.79,-180.3
2.79,-180.43
2.79,-180.45
2.79,-180.46
2.79,-97.71291590254127
2.79,-97.71291590254127
2.79,-97.71291590254127
2.79,-97.71291590254127
2.79,-97.71291590254127
2.79,-97.71291590254127
2.79,-97.71291590254127
2.79,-97.71291590254127
2.79,-97.71291590254127
2.79,-97.71291590254127
2.79,-97.71291590254127
2.79,-97.71291590254127
2.79,-97.71291590254127
2.79,-97.71291590254127
2.79,-97.71291590254127
2.79,-97.71291590254127
2.79,-97.71291590254127
2.79,-97.71291590254127
2.79,-97.71291590254127
2.79,-97.71291590254127
2.79,-97.71291590254127
1.139,-97.71291590254127
1.139,-97.71291590254127
1.139,-97.71291590254127
1.139,-97.71291590254127
1.139,-97.71291590254127
1.139,-97.71291590254127
1.139,-97.71291590254127
1.139,-97.71291590254127
1.139,-97.71291590254127
1.139,-97.71291590254127
1.139,-97.71291590254127
1.139,-97.71291590254127
1.139,-97.71291590254127
1.139,-97.71291590254127
1.139,-97.71291590254127
1.139,-97.71291590254127
1.139,-97.71291590254127
1.139,-97.71291590254127
1.139,-97.71291590254127
1.139,-97.71291590254127
1.139,-97.71291590254127
1.139,-97.71291590254127
1.139,-97.71291590254127
1.139,-97.71291590254127
1.139,-97.71291590254127
1.139,-97.71291590254127
1.139,-97.71291590254127
1.139,-97.71291590254127
1.139,-97.71291590254127
1.139,-157.37
1.139,-156.32
3.062,-156.61
3.062,-156.68
3.062,-156.36
3.062,-155.79
3.062,-155.1
3.062,-154.31
3.062,-153.18
3.062,-152.38
3.062,-151.77
3.062,-150.98
3.062,-150.15
3.062,-149.33
3.062,-148.52
3.062,-147.58
3.062,-146.84
3.062,-145.97
3.062,-145.3
3.062,-144.49
3.062,-143.63
3.062,-142.61
3.062,-141.92
3.062,-141.6
3.062,-140.56
3.062,-140.06
3.062,-139.6
3.062,-138.93
3.062,-138.09
3.062,-137.4
3.062,-136.73
3.062,-135.97
1.276,-134.99
1.276,-134.52
1.276,-134.31
1.276,-133.7
1.276,-133.56
1.276,-134.17
1.276,-133.88
1.276,-133.62
1.276,-132.81
1.276,-132.12
1.276,-131.21
1.276,-130.35
1.276,-129.62
1.276,-128.9
1.276,-128.23
1.276,-127.51
1.276,-126.75
1.276,-125.65
1.276,-124.86
1.276,-124.47
1.276,-123.8
1.276,-123.12
1.276,-122.42
1.276,-121.83
1.276,-121.13
1.276,-120.47
1.276,-119.98
1.276,-119.35
1.276,-118.77
1.276,-118.39
1.276,-117.86
0.95,-117.19
0.95,-116.51
0.95,-116.11
0.95,-115.68
0.95,-115.22
0.95,-114.8
0.95,-114.36
0.95,-113.77
0.95,-112.92
0.95,-112.36
0.95,-111.77
0.95,-111.25
0.95,-110.64
0.95,-110.1
0.95,-109.46
0.95,-108.71
0.95,-107.88
0.95,-107.23
0.95,-106.7
0.95,-106.23
0.95,-105.56
0.95,-104.88
0.95,-104.0
0.95,-103.4
0.95,-102.87
0.95,0.0
0.95,-101.85
0.95,-101.28
0.95,-100.72
0.95,-100.16
0.95,-99.62
3.57,-99.14
3.57,-98.7
3.57,-98.18
3.57,-97.78
3.57,-97.08
3.57,-96.35
3.57,-96.17
3.57,-95.81
3.57,-95.43
3.57,-95.1
3.57,-94.68
3.57,-94.12
3.57,-93.47
3.57,-93.25
3.57,-92.9
3.57,-92.81
3.57,-92.68
3.57,-92.27
3.57,-91.81
3.57,-91.25
3.57,-90.81
3.57,-90.66
3.57,-90.23
3.57,-89.8
3.57,-89.33
3.57,-88.59
3.57,-88.07
3.57,-87.86
3.57,-87.42
3.57,-86.99
2.562,-86.53
2.562,-86.12
2.562,-85.54
2.562,-85.02
2.562,-84.83
2.562,-84.47
2.562,-84.05
2.562,-83.63
2.562,-83.22
2.562,-82.13
2.562,-82.19
2.562,-81.5
2.562,-81.57
2.562,-81.43
2.562,-81.33
2.562,-81.25
2.562,-80.88
2.562,-80.42
2.562,-80.13
2.562,-79.83
2.562,-79.4
2.562,-78.43
2.562,-78.25
2.562,-78.02
2.562,-77.39
2.562,-77.02
2.562,-97.71291590254127
2.562,-97.71291590254127
2.562,-97.71291590254127
2.562,-97.71291590254127
2.562,-97.71291590254127
4.057,-97.71291590254127
4.057,-97.71291590254127
4.057,-97.71291590254127
4.057,-97.71291590254127
4.057,-97.71291590254127
4.057,-97.71291590254127
4.057,-97.71291590254127
4.057,-97.71291590254127
4.057,-97.71291590254127
4.057,-97.71291590254127
4.057,-97.71291590254127
4.057,-97.71291590254127
4.057,-97.71291590254127
4.057,-97.71291590254127
4.057,-97.71291590254127
4.057,-97.71291590254127
4.057,-97.71291590254127
4.057,-97.71291590254127
4.057,-97.71291590254127
4.057,-97.71291590254127
4.057,-97.71291590254127
4.057,-97.71291590254127
4.057,-97.71291590254127
4.057,-97.71291590254127
4.057,-97.71291590254127
4.057,-97.71291590254127
4.057,-97.71291590254127
4.057,-97.71291590254127
4.057,-97.71291590254127
4.057,-97.71291590254127
5.308,-97.71291590254127
5.308,-97.71291590254127
5.308,-97.71291590254127
5.308,-97.71291590254127
5.308,-97.71291590254127
5.308,-97.71291590254127
5.308,-97.71291590254127
5.308,-97.71291590254127
5.308,-97.71291590254127
5.308,-97.71291590254127
5.308,-97.71291590254127
5.308,-97.71291590254127
5.308,-97.71291590254127
5.308,-97.71291590254127
5.308,-97.71291590254127
5.308,-77.55
5.308,-77.56
5.308,-97.71291590254127
5.308,-97.71291590254127
5.308,-77.57
5.308,-77.58
5.308,-77.59
5.308,-77.6
5.308,-77.61
5.308,-77.62
5.308,-77.63
5.308,-77.64
5.308,-77.65
5.308,-77.66
5.308,-77.67
5.308,-77.68
3.273,-77.69
3.273,-77.7
3.273,-77.71
3.273,-77.72
3.273,-77.73
3.273,-77.74
3.273,-77.75
3.273,-77.76
3.273,-77.77
3.273,-77.78
3.273,-77.79
3.273,-77.8
3.273,-77.81
3.273,-77.82
3.273,-77.83
3.273,-77.84
3.273,-77.85
3.273,-77.86
3.273,-77.87
3.273,-77.88
3.273,-77.89
3.273,-77.9
3.273,-77.91
3.273,-77.92
3.273,-77.93
3.273,-77.94
3.273,-77.95
3.273,-77.96
3.273,-77.97
3.273,-77.98
3.273,-77.99
3.739,-78.0
3.739,-78.01
3.739,-78.02
3.739,-78.05
3.739,-78.06
3.739,-78.07
3.739,-78.08
3.739,-97.71291590254127
3.739,-97.71291590254127
3.739,-78.09
3.739,-78.1
3.739,-78.11
3.739,-78.12
3.739,-78.13
3.739,-78.14
3.739,-78.15
3.739,-78.16
3.739,-78.17
3.739,-78.18
3.739,-78.19
3.739,-78.2
3.739,-78.21
3.739,-78.22
3.739,-78.23
3.739,-78.24
3.739,-78.25
3.739,-78.26
3.739,-78.27
2.508,-78.28
2.508,-78.29
2.508,-78.3
2.508,-78.31
2.508,-78.32
2.508,-78.33
2.508,-78.34
2.508,-78.35
2.508,-78.36
2.508,-78.37
2.508,-78.38
2.508,-78.39
2.508,-78.4
2.508,-78.41
2.508,-78.42
2.508,-78.43
2.508,-78.44
2.508,-78.45
2.508,-78.46
2.508,-78.47
2.508,-78.48
2.508,-78.49
2.508,-78.5
2.508,-78.51
2.508,-78.52
2.508,-78.55
2.508,-78.56
2.508,-78.57
2.508,-78.58
2.508,-78.59
2.508,-78.6
3.165,-79.11
3.165,-79.12
3.165,-78.61
3.165,-78.62
3.165,-78.63
3.165,-78.64
3.165,-78.65
3.165,-78.66
3.165,-78.67
3.165,-78.68
3.165,-78.69
3.165,-78.7
3.165,-78.71
3.165,-78.72
3.165,-78.73
3.165,-79.24
3.165,-78.75
3.165,-78.76
3.165,-78.77
3.165,-78.78
3.165,-78.79
3.165,-78.8
3.165,-78.81
3.165,-78.82
3.165,-78.83
3.165,-78.84
3.165,-78.85
3.165,-78.86
3.165,-78.87
3.165,-78.88
4.1,-78.89
4.1,-78.9
4.1,-78.91
4.1,-78.92
4.1,-78.93
4.1,-78.94
4.1,-78.95
4.1,-78.96
4.1,-78.97
4.1,-78.98
4.1,-78.99
4.1,-79.0
4.1,-79.01
4.1,-79.02
4.1,-97.71291590254127
4.1,-97.71291590254127
4.1,-97.71291590254127
4.1,-97.71291590254127
4.1,-97.71291590254127
4.1,-97.71291590254127
4.1,-97.71291590254127
4.1,-97.71291590254127
4.1,-97.71291590254127
4.1,-97.71291590254127
4.1,-97.71291590254127
4.1,-97.71291590254127
4.1,-97.71291590254127
4.1,-97.71291590254127
4.1,-97.71291590254127
4.1,-97.71291590254127
4.1,-97.71291590254127
1.597,-97.71291590254127
1.597,-97.71291590254127
1.597,-97.71291590254127
1.597,-97.71291590254127
1.597,-97.71291590254127
1.597,-97.71291590254127
1.597,-97.71291590254127
1.597,-97.71291590254127
1.597,-97.71291590254127
1.597,-97.71291590254127
1.597,-97.71291590254127
1.597,-97.71291590254127
1.597,-97.71291590254127
1.597,-97.71291590254127
1.597,-97.71291590254127
1.597,-97.71291590254127
1.597,-97.71291590254127
1.597,-97.71291590254127
1.597,-97.71291590254127
1.597,-97.71291590254127
1.597,-97.71291590254127
1.597,-97.71291590254127
1.597,-97.71291590254127
1.597,-97.71291590254127
1.597,-97.71291590254127
1.597,-97.71291590254127
1.597,-97.71291590254127
1.597,-97.71291590254127
1.597,-97.71291590254127
1.597,-97.71291590254127
1.477,-97.71291590254127
1.477,-97.71291590254127
1.477,-97.71291590254127
1.477,-97.71291590254127
1.477,-97.71291590254127
1.477,-97.71291590254127
1.477,-97.71291590254127
1.477,-97.71291590254127
1.477,-97.71291590254127
1.477,-97.71291590254127
1.477,-97.71291590254127
1.477,-97.71291590254127
1.477,-97.71291590254127
1.477,-97.71291590254127
1.477,-97.71291590254127
1.477,-97.71291590254127
1.477,-97.71291590254127
1.477,-97.71291590254127
1.477,-97.71291590254127
1.477,-97.71291590254127
1.477,-97.71291590254127
1.477,-97.71291590254127
1.477,-97.71291590254127
1.477,-97.71291590254127
1.477,-97.71291590254127
1.477,-97.71291590254127
1.477,-97.71291590254127
1.477,-97.71291590254127
1.477,-97.71291590254127
1.477,-97.71291590254127
1.477,-97.71291590254127
0.758,-97.71291590254127
0.758,-97.71291590254127
0.758,-97.71291590254127
0.758,-97.71291590254127
0.758,-97.71291590254127
0.758,-97.71291590254127
0.758,-97.71291590254127
0.758,-97.71291590254127
0.758,-97.71291590254127
0.758,-97.71291590254127
0.758,-97.71291590254127
0.758,-97.71291590254127
0.758,-97.71291590254127
0.758,-97.71291590254127
0.758,-97.71291590254127
0.758,-97.71291590254127
0.758,-97.71291590254127
0.758,-97.71291590254127
0.758,-97.71291590254127
0.758,-97.71291590254127
0.758,-97.71291590254127
0.758,-97.71291590254127
0.758,-79.55
0.758,-79.56
0.758,-79.57
0.758,-79.58
0.758,-79.59
0.758,-79.6
0.758,-79.61
0.758,-79.62
0.758,-79.63
1.41,-79.64
1.41,-97.71291590254127
1.41,-97.71291590254127
1.41,-79.65
1.41,-79.66
1.41,-79.67
1.41,-79.68
1.41,-79.69
1.41,-79.7
1.41,-79.71
1.41,-79.72
1.41,-79.73
1.41,-79.74
1.41,-79.75
1.41,-79.76
1.41,-79.77
1.41,-79.78
1.41,-79.79
1.41,-79.8
1.41,-79.81
1.41,-79.82
1.41,-79.83
1.41,-79.84
1.41,-79.85
1.41,-79.86
1.41,-79.87
1.41,-79.88
1.41,-79.89
1.41,-79.9
1.41,-79.91
3.028,-79.92
3.028,-79.93
3.028,-79.94
3.028,-79.95
3.028,-79.96
3.028,-79.97
3.028,-79.98
3.028,-79.99
3.028,-80.0
3.028,-80.01
3.028,-80.02
3.028,-80.05
3.028,-80.06
3.028,-80.07
3.028,-80.08
3.028,-80.09
3.028,-80.1
3.028,-80.11
3.028,-80.12
3.028,-80.13
3.028,-80.14
3.028,-80.15
3.028,-80.16
3.028,-97.71291590254127
3.028,-97.71291590254127
3.028,-80.17
3.028,-80.18
3.028,-80.19
3.028,-80.2
3.028,-80.21
3.028,-80.22
7.96,-80.23
7.96,-80.24
7.96,-80.25
7.96,-80.26
7.96,-80.27
7.96,-80.28
7.96,-80.29
7.96,-80.3
7.96,-80.31
7.96,-80.32
7.96,-80.33
7.96,-80.34
7.96,-80.35
7.96,-80.36
7.96,-80.37
7.96,-80.38
7.96,-80.39
7.96,-80.4
7.96,-80.41
7.96,-80.42
7.96,-80.43
7.96,-80.44
7.96,-80.45
7.96,-80.46
7.96,-80.47
7.96,-80.48
7.96,-80.49
7.96,-80.5
7.96,-80.51
7.96,-80.52
3.533,-80.55
3.533,-80.56
3.533,-80.57
3.533,-80.58
3.533,-80.59
3.533,-80.6
3.533,-80.61
3.533,-80.62
3.533,-80.63
3.533,-80.64
3.533,-80.65
3.533,-80.66
3.533,-80.67
3.533,-80.68
3.533,-97.71291590254127
3.533,-97.71291590254127
3.533,-80.69
3.533,-80.7
3.533,-80.71
3.533,-80.72
3.533,-80.73
3.533,-80.74
3.533,-80.75
3.533,-80.76
3.533,-80.77
3.533,-80.78
3.533,-80.79
3.533,-80.8
3.533,-80.81
3.533,-80.82
3.533,-80.83
1.713,-80.84
1.713,-80.85
1.713,-80.86
1.713,-80.87
1.713,-80.88
1.713,-80.89
1.713,-80.9
1.713,-80.91
1.713,-80.92
1.713,-80.93
1.713,-80.94
1.713,-80.95
1.713,-80.96
1.713,-80.97
1.713,-80.98
1.713,-80.99
1.713,-81.0
1.713,-81.01
1.713,-81.02
1.713,-81.05
1.713,-81.06
1.713,-81.07
1.713,-81.08
1.713,-81.09
1.713,-81.1
1.713,-81.11
1.713,-81.12
1.713,-81.13
1.713,-81.14
1.713,-81.15
1.713,-81.16
1.716,-81.17
1.716,-81.18
1.716,-81.19
1.716,-81.2
1.716,-97.71291590254127
1.716,-97.71291590254127
1.716,-81.21
1.716,-81.22
1.716,-81.23
1.716,-81.24
1.716,-81.25
1.716,-81.26
1.716,-81.27
1.716,-81.28
1.716,-81.29
1.716,-81.3
1.716,-81.31
1.716,-81.32
1.716,-81.33
1.716,-81.34
1.716,-81.35
1.716,-81.36
1.716,-81.37
1.716,-81.38
1.716,-81.39
1.716,-81.4
1.716,-81.41
1.716,-81.42
3.391,-81.43
3.391,-81.44
3.391,-81.45
3.391,-81.46
3.391,-81.47
3.391,-81.48
3.391,-81.49
3.391,-81.5
3.391,-81.51
3.391,-81.52
3.391,-81.55
3.391,-81.56
3.391,-81.57
3.391,-81.58
3.391,-81.59
3.391,-81.6
3.391,-81.61
3.391,-81.62
3.391,-81.63
3.391,-81.64
3.391,-81.65
3.391,-81.66
3.391,-81.67
3.391,-81.68
3.391,-81.69
3.391,-81.7
3.391,-81.71
3.391,-81.72
3.391,-97.71291590254127
3.391,-97.71291590254127
3.391,-81.73
1.477,-81.74
1.477,-81.75
1.477,-81.76
1.477,-81.77
1.477,-81.78
1.477,-81.79
1.477,-81.8
1.477,-81.81
1.477,-81.82
1.477,-81.83
1.477,-81.84
1.477,-81.85
1.477,-81.86
1.477,-81.87
1.477,-81.88
1.477,-81.89
1.477,-81.9
1.477,-81.91
1.477,-81.92
1.477,-81.93
1.477,-81.94
1.477,-81.95
1.477,-81.96
1.477,-81.97
1.477,-81.98
1.477,-81.99
1.477,-82.0
1.477,-82.01
1.477,-82.02
1.477,-82.05
1.63,-82.06
1.63,-82.07
1.63,-82.08
1.63,-82.09
1.63,-82.1
1.63,-82.11
1.63,-82.12
1.63,-82.13
1.63,-82.14
1.63,-82.15
1.63,-82.16
1.63,-82.17
1.63,-82.18
1.63,-82.19
1.63,-82.2
1.63,-82.21
1.63,-82.22
1.63,-82.23
1.63,-82.24
1.63,-97.71291590254127
1.63,-97.71291590254127
1.63,-82.25
1.63,-82.26
1.63,-82.27
1.63,-82.28
1.63,-82.29
1.63,-82.3
1.63,-82.31
1.63,-82.32
1.63,-82.33
1.63,-82.34
1.967,-82.35
1.967,-82.36
1.967,-82.37
1.967,-82.38
1.967,-82.39
1.967,-82.4
1.967,-82.41
1.967,-82.42
1.967,-82.43
1.967,-82.44
1.967,-82.45
1.967,-82.46
1.967,-82.47
1.967,-82.48
1.967,-82.49
1.967,-82.5
1.967,-82.51
1.967,-82.52
1.967,-82.55
1.967,-82.56
1.967,-82.57
1.967,-82.58
1.967,-82.59
1.967,-82.6
1.967,-82.61
1.967,-82.62
1.967,-82.63
1.967,-82.64
1.967,-82.65
1.967,-82.66
2.334,-82.67
2.334,-82.68
2.334,-82.69
2.334,-82.7
2.334,-82.71
2.334,-82.72
2.334,-82.73
2.334,-82.74
2.334,-82.75
2.334,-82.76
2.334,-97.71291590254127
2.334,-97.71291590254127
2.334,-82.77
2.334,-82.78
2.334,-82.79
2.334,-82.8
2.334,-82.81
2.334,-82.82
2.334,-82.83
2.334,-82.84
2.334,-82.85
2.334,-82.86
2.334,-82.87
2.334,-82.88
2.334,-82.89
2.334,-82.9
2.334,-82.91
2.334,-82.92
2.334,-82.93
2.334,-82.94
2.334,-82.95
0.368,-82.96
0.368,-82.97
0.368,-82.98
0.368,-82.99
0.368,-83.0
0.368,-83.01
0.368,-83.02
0.368,-83.05
0.368,-83.06
0.368,-83.07
0.368,-83.08
0.368,-83.09
0.368,-83.1
0.368,-83.11
0.368,-83.12
0.368,-83.13
0.368,-83.14
0.368,-83.15
0.368,-83.16
0.368,-83.17
0.368,-83.18
0.368,-83.19
0.368,-83.2
0.368,-83.21
0.368,-83.22
0.368,-83.23
0.368,-83.24
0.368,-83.25
0.368,-83.26
0.368,-83.27
0.368,-83.28
1.617,-97.71291590254127
1.617,-97.71291590254127
1.617,-83.29
1.617,-83.3
1.617,-83.31
1.617,-83.32
1.617,-83.33
1.617,-83.34
1.617,-83.35
1.617,-83.36
1.617,-83.37
1.617,-83.38
1.617,-83.39
1.617,-83.4
1.617,-83.41
1.617,-83.42
1.617,-83.43
1.617,-83.44
1.617,-83.45
1.617,-83.46
1.617,-83.47
1.617,-83.48
1.617,-83.49
1.617,-83.5
1.617,-83.51
1.617,-83.52
1.617,-83.55
1.617,-83.56
1.617,-83.57
1.617,-83.58
2.275,-83.59
2.275,-83.6
2.275,-83.61
2.275,-83.62
2.275,-83.63
2.275,-83.64
2.275,-83.65
2.275,-83.66
2.275,-83.67
2.275,-83.68
2.275,-83.69
2.275,-83.7
2.275,-83.71
2.275,-83.72
2.275,-83.73
2.275,-83.74
2.275,-83.75
2.275,-83.76
2.275,-83.77
2.275,-83.78
2.275,-83.79
2.275,-83.8
2.275,-97.71291590254127
2.275,-97.71291590254127
2.275,-83.81
2.275,-83.82
2.275,-83.83
2.275,-83.84
2.275,-83.85
2.275,-83.86
2.275,-83.87
1.451,-83.88
1.451,-83.89
1.451,-83.9
1.451,-83.91
1.451,-83.92
1.451,-83.93
1.451,-83.94
1.451,-83.95
1.451,-83.96
1.451,-83.97
1.451,-83.98
1.451,-83.99
1.451,-84.0
1.451,-84.01
1.451,-84.02
1.451,-84.05
1.451,-84.06
1.451,-84.07
1.451,-84.08
1.451,-84.09
1.451,-84.1
1.451,-84.11
1.451,-84.12
1.451,-84.13
1.451,-84.14
1.451,-84.15
1.451,-84.16
1.451,-84.17
1.451,-84.18
1.451,-84.19
1.981,-84.2
1.981,-84.21
1.981,-84.22
1.981,-84.23
1.981,-84.24
1.981,-84.25
1.981,-84.26
1.981,-84.27
1.981,-84.28
1.981,-84.29
1.981,-84.3
1.981,-84.31
1.981,-84.32
1.981,-97.71291590254127
1.981,-97.71291590254127
1.981,-84.33
1.981,-84.34
1.981,-84.35
1.981,-84.36
1.981,-84.37
1.981,-84.38
1.981,-84.39
1.981,-84.4
1.981,-84.41
1.981,-84.42
1.981,-84.43
1.981,-84.44
1.981,-84.45
1.981,-84.46
1.981,-84.47
1.981,-84.48
0.767,-84.49
0.767,-84.5
0.767,-84.51
0.767,-84.52
0.767,-84.55
0.767,-84.56
0.767,-84.57
0.767,-84.58
0.767,-84.59
0.767,-84.6
0.767,-84.61
0.767,-84.62
0.767,-84.63
0.767,-84.64
0.767,-84.65
0.767,-84.66
0.767,-84.67
0.767,-84.68
0.767,-84.69
0.767,-84.7
0.767,-84.71
0.767,-84.72
0.767,-84.73
0.767,-84.74
0.767,-84.75
0.767,-84.76
0.767,-84.77
0.767,-84.78
0.767,-84.79
0.767,-84.8
0.767,-84.81
2.382,-84.82
2.382,-84.83
2.382,-84.84
2.382,-97.71291590254127
2.382,-97.71291590254127
2.382,-84.85
2.382,-84.86
2.382,-84.87
2.382,-84.88
2.382,-84.89
2.382,-84.9
2.382,-84.91
2.382,-84.92
2.382,-84.93
2.382,-84.94
2.382,-84.95
2.382,-84.96
2.382,-84.97
2.382,-84.98
2.382,-84.99
2.382,-85.0
2.382,-85.01
2.382,-85.02
2.382,-85.05
2.382,-85.06
2.382,-85.07
2.382,-85.08
2.382,-85.09
2.382,-85.1
0.537,-85.11
0.537,-85.12
0.537,-85.13
0.537,-85.14
0.537,-85.15
0.537,-85.16
0.537,-85.17
0.537,-85.18
0.537,-85.19
0.537,-85.2
0.537,-85.21
0.537,-85.22
0.537,-85.23
0.537,-85.24
0.537,-85.25
0.537,-85.26
0.537,-85.27
0.537,-85.28
0.537,-85.29
0.537,-85.3
0.537,-85.31
0.537,-85.32
0.537,-85.33
0.537,-85.34
0.537,-85.35
0.537,-85.36
0.537,-97.71291590254127
0.537,-97.71291590254127
0.537,-85.37
0.537,-85.38
0.537,-85.39
3.068,-85.4
3.068,-85.41
3.068,-85.42
3.068,-85.43
3.068,-85.44
3.068,-85.45
3.068,-85.46
3.068,-85.47
3.068,-85.48
3.068,-85.49
3.068,-85.5
3.068,-85.51
3.068,-85.52
3.068,-85.55
3.068,-85.56
3.068,-85.57
3.068,-85.58
3.068,-85.59
3.068,-85.6
3.068,-85.61
3.068,-85.62
3.068,-85.63
3.068,-85.64
3.068,-85.65
3.068,-85.66
3.068,-85.67
3.068,-85.68
3.068,-85.69
3.068,-85.7
3.068,-85.71
2.904,-85.72
2.904,-85.73
2.904,-85.74
2.904,-85.75
2.904,-85.76
2.904,-85.77
2.904,-85.78
2.904,-85.79
2.904,-85.8
2.904,-85.81
2.904,-85.82
2.904,-85.83
2.904,-85.84
2.904,-85.85
2.904,-85.86
2.904,-85.87
2.904,-85.88
2.904,-97.71291590254127
2.904,-97.71291590254127
2.904,-85.89
2.904,-85.9
2.904,-85.91
2.904,-85.92
2.904,-85.93
2.904,-85.94
2.904,-85.95
2.904,-85.96
2.904,-85.97
2.904,-85.98
2.904,-85.99
2.904,-86.0
0.707,-86.01
0.707,-86.02
0.707,-86.05
0.707,-86.06
0.707,-86.07
0.707,-86.08
0.707,-86.09
0.707,-86.1
0.707,-86.11
0.707,-86.12
0.707,-86.13
0.707,-86.14
0.707,-86.15
0.707,-86.16
0.707,-86.17
0.707,-86.18
0.707,-86.19
0.707,-86.2
0.707,-86.21
0.707,-86.22
0.707,-86.23
0.707,-86.24
0.707,-86.25
0.707,-86.26
0.707,-86.27
0.707,-86.28
0.707,-86.29
0.707,-86.3
0.707,-86.31
0.707,-86.32
0.631,-86.33
0.631,-86.34
0.631,-86.35
0.631,-86.36
0.631,-86.37
0.631,-86.38
0.631,-86.39
0.631,-86.4
0.631,-97.71291590254127
0.631,-97.71291590254127
0.631,-86.41
0.631,-86.42
0.631,-86.43
0.631,-86.44
0.631,-86.45
0.631,-86.46
0.631,-86.47
0.631,-86.48
0.631,-86.49
0.631,-86.5
0.631,-86.51
0.631,-86.52
0.631,-86.55
0.631,-86.56
0.631,-86.57
0.631,-86.58
0.631,-86.59
0.631,-86.6
0.631,-86.61
0.631,-86.62
0.631,-86.63
1.055,-86.64
1.055,-86.65
1.055,-86.66
1.055,-86.67
1.055,-86.68
1.055,-86.69
1.055,-86.7
1.055,-86.71
1.055,-86.72
1.055,-86.73
1.055,-86.74
1.055,-86.75
1.055,-86.76
1.055,-86.77
1.055,-86.78
1.055,-86.79
1.055,-86.8
1.055,-86.81
1.055,-86.82
1.055,-86.83
1.055,-86.84
1.055,-86.85
1.055,-86.86
1.055,-86.87
1.055,-86.88
1.055,-86.89
1.055,-86.9
1.055,-86.91
1.055,-86.92
1.055,-97.71291590254127
1.055,-97.71291590254127
3.819,-86.93
3.819,-86.94
3.819,-86.95
3.819,-86.96
3.819,-86.97
3.819,-86.98
3.819,-86.99
3.819,-87.0
3.819,-87.01
3.819,-87.02
3.819,-87.05
3.819,-87.06
3.819,-87.07
3.819,-87.08
3.819,-87.09
3.819,-87.1
3.819,-87.11
3.819,-87.12
3.819,-87.13
3.819,-87.14
3.819,-87.15
3.819,-87.16
3.819,-87.17
3.819,-87.18
3.819,-87.19
3.819,-87.2
3.819,-87.21
3.819,-87.22
3.819,-87.23
3.819,-87.24
4.386,-87.25
4.386,-87.26
4.386,-87.27
4.386,-87.28
4.386,-87.29
4.386,-87.3
4.386,-87.31
4.386,-87.32
4.386,-87.33
4.386,-87.34
4.386,-87.35
4.386,-87.36
4.386,-87.37
4.386,-87.38
4.386,-87.39
4.386,-87.4
4.386,-87.41
4.386,-87.42
4.386,-87.43
4.386,-87.44
4.386,-97.71291590254127
4.386,-97.71291590254127
4.386,-87.45
4.386,-87.46
4.386,-87.47
4.386,-87.48
4.386,-87.49
4.386,-87.5
4.386,-87.51
4.386,-87.52
4.386,-87.55
6.803,-87.56
6.803,-87.57
6.803,-87.58
6.803,-87.59
6.803,-87.6
6.803,-87.61
6.803,-87.62
6.803,-87.63
6.803,-87.64
6.803,-87.65
6.803,-87.66
6.803,-87.67
6.803,-87.68
6.803,-87.69
6.803,-87.7
6.803,-87.71
6.803,-87.72
6.803,-87.73
6.803,-87.74
6.803,-87.75
6.803,-87.76
6.803,-87.77
6.803,-87.78
6.803,-87.79
6.803,-87.8
6.803,-87.81
6.803,-87.82
6.803,-87.83
6.803,-87.84
6.803,-87.85
2.874,-87.86
2.874,-87.87
2.874,-87.88
2.874,-87.89
2.874,-87.9
2.874,-87.91
2.874,-87.92
2.874,-87.93
2.874,-87.94
2.874,-87.95
2.874,-87.96
2.874,-97.71291590254127
2.874,-97.71291590254127
2.874,-87.97
2.874,-87.98
2.874,-87.99
2.874,-88.0
2.874,-88.01
2.874,-88.02
2.874,-88.05
2.874,-88.06
2.874,-88.07
2.874,-88.08
2.874,-88.09
2.874,-88.1
2.874,-88.11
2.874,-88.12
2.874,-88.13
2.874,-88.14
2.874,-88.15
2.874,-88.16
2.937,-88.17
2.937,-88.18
2.937,-88.19
2.937,-88.2
2.937,-88.21
2.937,-88.22
2.937,-88.23
2.937,-88.24
2.937,-88.25
2.937,-88.26
2.937,-88.27
2.937,-88.28
2.937,-88.29
2.937,-88.3
2.937,-88.31
2.937,-88.32
2.937,-88.33
2.937,-88.34
2.937,-88.35
2.937,-88.36
2.937,-88.37
2.937,-88.38
2.937,-88.39
2.937,-88.4
2.937,-88.41
2.937,-88.42
2.937,-88.43
2.937,-88.44
2.937,-88.45
2.937,-88.46
2.937,-88.47
3.788,-88.48
3.788,-97.71291590254127
3.788,-97.71291590254127
3.788,-88.49
3.788,-88.5
3.788,-88.51
3.788,-88.52
3.788,-88.55
3.788,-88.56
3.788,-88.57
3.788,-88.58
3.788,-88.59
3.788,-88.6
3.788,-88.61
3.788,-88.62
3.788,-88.63
3.788,-88.64
3.788,-88.65
3.788,-88.66
3.788,-88.67
3.788,-88.68
3.788,-88.69
3.788,-88.7
3.788,-88.71
3.788,-88.72
3.788,-88.73
3.788,-88.74
3.788,-88.75
4.176,-88.76
4.176,-88.77
4.176,-88.78
4.176,-88.79
4.176,-88.8
4.176,-88.81
4.176,-88.82
4.176,-88.83
4.176,-88.84
4.176,-88.85
4.176,-88.86
4.176,-88.87
4.176,-88.88
4.176,-88.89
4.176,-88.9
4.176,-88.91
4.176,-88.92
4.176,-88.93
4.176,-88.94
4.176,-88.95
4.176,-88.96
4.176,-88.97
4.176,-88.98
4.176,-88.99
4.176,-89.0
4.176,-97.71291590254127
4.176,-97.71291590254127
4.176,-89.01
4.176,-89.02
4.176,-89.05
4.176,-89.06
2.028,-89.07
2.028,-89.08
2.028,-89.09
2.028,-89.1
2.028,-89.11
2.028,-89.12
2.028,-89.13
2.028,-89.14
2.028,-89.15
2.028,-89.16
2.028,-89.17
2.028,-89.18
2.028,-89.19
2.028,-89.2
2.028,-89.21
2.028,-89.22
2.028,-89.23
2.028,-89.24
2.028,-89.25
2.028,-89.26
2.028,-89.27
2.028,-89.28
2.028,-89.29
2.028,-89.3
2.028,-89.31
2.028,-89.32
2.028,-89.33
2.028,-89.34
2.028,-89.35
2.028,-89.36
2.996,-89.37
2.996,-89.38
2.996,-89.39
2.996,-89.4
2.996,-89.41
2.996,-89.42
2.996,-89.43
2.996,-89.44
2.996,-89.45
2.996,-89.46
2.996,-89.47
2.996,-89.48
2.996,-89.49
2.996,-89.5
2.996,-89.51
2.996,-89.52
2.996,-97.71291590254127
2.996,-97.71291590254127
2.996,-89.55
2.996,-89.56
2.996,-89.57
2.996,-89.58
2.996,-89.59
2.996,-89.6
2.996,-89.61
2.996,-89.62
2.996,-89.63
2.996,-89.64
2.996,-89.65
2.996,-89.66
2.996,-89.67
1.208,-89.68
1.208,-89.69
1.208,-89.7
1.208,-89.71
1.208,-89.72
1.208,-89.73
1.208,-89.74
1.208,-89.75
1.208,-89.76
1.208,-89.77
1.208,-89.78
1.208,-89.79
1.208,-89.8
1.208,-89.81
1.208,-89.82
1.208,-89.83
1.208,-89.84
1.208,-89.85
1.208,-89.86
1.208,-89.87
1.208,-89.88
1.208,-89.89
1.208,-89.9
1.208,-89.91
1.208,-89.92
1.208,-89.93
1.208,-89.94
1.208,-89.95
1.208,-89.96
1.208,-89.97
2.043,-89.98
2.043,-89.99
2.043,-90.0
2.043,-90.01
2.043,-90.02
2.043,-90.03
2.043,-90.04
2.043,-90.05
2.043,-90.06
2.043,-90.07
2.043,-90.08
2.043,-90.09
2.043,-90.1
2.043,-90.11
2.043,-90.12
2.043,-90.13
2.043,-90.14
2.043,-90.15
2.043,-90.16
2.043,-90.17
2.043,-90.18
2.043,-90.19
2.043,-90.2
2.043,-90.21
2.043,-90.22
2.043,-90.23
2.043,-90.24
2.043,-90.25
2.043,-90.26
2.043,-90.27
2.043,-90.28
1.489,-90.29
1.489,-90.3
1.489,-90.31
1.489,-90.32
1.489,-90.33
1.489,-90.34
1.489,-90.35
1.489,-90.36
1.489,-90.37
1.489,-90.38
1.489,-90.39
1.489,-90.4
1.489,-90.41
1.489,-90.42
1.489,-90.43
1.489,-90.44
1.489,-90.45
1.489,-90.46
1.489,-90.47
1.489,-90.48
1.489,-90.49
1.489,-90.5
1.489,-90.51
1.489,-90.52
1.489,-90.53
1.489,-90.54
1.489,-97.71291590254127
1.489,-97.71291590254127
1.489,-90.57
1.489,-90.58
1.489,-90.59
1.935,-90.6
1.935,-90.61
1.935,-90.62
1.935,-90.63
1.935,-90.64
1.935,-90.65
1.935,-90.66
1.935,-90.67
1.935,-90.68
1.935,-90.69
1.935,-90.7
1.935,-90.71
1.935,-90.72
1.935,-90.73
1.935,-90.74
1.935,-90.75
1.935,-90.76
1.935,-90.77
1.935,-90.78
1.935,-90.79
1.935,-90.8
1.935,-90.81
1.935,-90.82
1.935,-90.83
1.935,-90.84
1.935,-90.85
1.935,-90.86
1.935,-90.87
1.935,-90.88
1.935,-90.89
3.523,-90.9
3.523,-90.91
3.523,-90.92
3.523,-90.93
3.523,-90.94
3.523,-90.95
3.523,-90.96
3.523,-90.97
3.523,-90.98
3.523,-90.99
3.523,-91.0
3.523,-91.01
3.523,-91.02
3.523,-91.03
3.523,-91.04
3.523,-91.07
3.523,-91.08
3.523,-97.71291590254127
3.523,-97.71291590254127
3.523,-91.09
3.523,-91.1
3.523,-91.11
3.523,-91.12
3.523,-91.13
3.523,-91.14
3.523,-91.15
3.523,-91.16
3.523,-91.17
3.523,-91.18
3.523,-91.19
3.523,-91.2
5.484,-91.21
5.484,-91.22
5.484,-91.23
5.484,-91.24
5.484,-91.25
5.484,-91.26
5.484,-91.27
5.484,-91.28
5.484,-91.29
5.484,-91.3
5.484,-91.31
5.484,-91.32
5.484,-91.33
5.484,-91.34
5.484,-91.35
5.484,-91.36
5.484,-91.37
5.484,-91.38
5.484,-91.39
5.484,-91.4
5.484,-91.41
5.484,-91.42
5.484,-91.43
5.484,-91.44
5.484,-91.45
5.484,-91.46
5.484,-91.47
5.484,-91.48
5.484,-91.49
5.484,-91.5
1.368,-91.51
1.368,-91.52
1.368,-91.53
1.368,-91.54
1.368,-91.57
1.368,-91.58
1.368,-91.59
1.368,-91.6
1.368,-97.71291590254127
1.368,-97.71291590254127
1.368,-91.61
1.368,-91.62
1.368,-91.63
1.368,-91.64
1.368,-91.65
1.368,-91.66
1.368,-91.67
1.368,-91.68
1.368,-91.69
1.368,-91.7
1.368,-91.71
1.368,-91.72
1.368,-91.73
1.368,-91.74
1.368,-91.75
1.368,-91.76
1.368,-91.77
1.368,-91.78
1.368,-91.79
1.368,-91.8
1.368,-91.81
4.748,-91.82
4.748,-91.83
4.748,-91.84
4.748,-91.85
4.748,-91.86
4.748,-91.87
4.748,-91.88
4.748,-91.89
4.748,-91.9
4.748,-91.91
4.748,-91.92
4.748,-91.93
4.748,-91.94
4.748,-91.95
4.748,-91.96
4.748,-91.97
4.748,-91.98
4.748,-91.99
4.748,-92.0
4.748,-92.01
4.748,-92.02
4.748,-92.03
4.748,-92.04
4.748,-92.07
4.748,-92.08
4.748,-92.09
4.748,-92.1
4.748,-92.11
4.748,-92.12
4.748,-97.71291590254127
4.748,-97.71291590254127
4.069,-92.13
4.069,-92.14
4.069,-92.15
4.069,-92.16
4.069,-92.17
4.069,-92.18
4.069,-92.19
4.069,-92.2
4.069,-92.21
4.069,-92.22
4.069,-92.23
4.069,-92.24
4.069,-92.25
4.069,-92.26
4.069,-92.27
4.069,-92.28
4.069,-92.29
4.069,-92.3
4.069,-92.31
4.069,-92.32
4.069,-92.33
4.069,-92.34
4.069,-92.35
4.069,-92.36
4.069,-92.37
4.069,-92.38
4.069,-92.39
4.069,-92.4
2.729,-92.41
2.729,-92.42
2.729,-92.43
2.729,-92.44
2.729,-92.45
2.729,-92.46
2.729,-92.47
2.729,-92.48
2.729,-92.49
2.729,-92.5
2.729,-92.51
2.729,-92.52
2.729,-92.53
2.729,-92.54
2.729,-92.57
2.729,-92.58
2.729,-92.59
2.729,-92.6
2.729,-92.61
2.729,-92.62
2.729,-92.63
2.729,-92.64
2.729,-97.71291590254127
2.729,-97.71291590254127
2.729,-92.65
2.729,-92.66
2.729,-92.67
2.729,-92.68
2.729,-92.69
2.729,-92.7
2.729,-92.71
2.142,-92.72
2.142,-92.73
2.142,-92.74
2.142,-92.75
2.142,-92.76
2.142,-92.77
2.142,-92.78
2.142,-92.79
2.142,-92.8
2.142,-92.81
2.142,-92.82
2.142,-92.83
2.142,-92.84
2.142,-92.85
2.142,-92.86
2.142,-92.87
2.142,-92.88
2.142,-92.89
2.142,-92.9
2.142,-92.91
2.142,-92.92
2.142,-92.93
2.142,-92.94
2.142,-92.95
2.142,-92.96
2.142,-92.97
2.142,-92.98
2.142,-92.99
2.142,-93.0
2.142,-93.01
2.166,-93.02
2.166,-93.03
2.166,-93.04
2.166,-93.07
2.166,-93.08
2.166,-93.09
2.166,-93.1
2.166,-93.11
2.166,-93.12
2.166,-93.13
2.166,-93.14
2.166,-93.15
2.166,-93.16
2.166,-97.71291590254127
2.166,-97.71291590254127
2.166,-93.17
2.166,-93.18
2.166,-93.19
2.166,-93.2
2.166,-93.21
2.166,-93.22
2.166,-93.23
2.166,-93.24
2.166,-93.25
2.166,-93.26
2.166,-93.27
2.166,-93.28
2.166,-93.29
2.166,-93.3
2.166,-93.31
2.166,-93.32
3.634,-93.33
3.634,-93.34
3.634,-93.35
3.634,-93.36
3.634,-93.37
3.634,-93.38
3.634,-93.39
3.634,-93.4
3.634,-93.41
3.634,-93.42
3.634,-93.43
3.634,-93.44
3.634,-93.45
3.634,-93.46
3.634,-93.47
3.634,-93.48
3.634,-93.49
3.634,-93.5
3.634,-93.51
3.634,-93.52
3.634,-93.53
3.634,-93.54
3.634,-93.57
3.634,-93.58
3.634,-93.59
3.634,-93.6
3.634,-93.61
3.634,-93.62
3.634,-93.63
3.634,-93.64
2.131,-93.65
2.131,-93.66
2.131,-93.67
2.131,-93.68
2.131,-97.71291590254127
2.131,-97.71291590254127
2.131,-93.69
2.131,-93.7
2.131,-93.71
2.131,-93.72
2.131,-93.73
2.131,-93.74
2.131,-93.75
2.131,-93.76
2.131,-93.77
2.131,-93.78
2.131,-93.79
2.131,-93.8
2.131,-93.81
2.131,-93.82
2.131,-93.83
2.131,-93.84
2.131,-93.85
2.131,-93.86
2.131,-93.87
2.131,-93.88
2.131,-93.89
2.131,-93.9
2.131,-93.91
2.131,-93.92
2.131,-93.93
0.933,-93.94
0.933,-93.95
0.933,-93.96
0.933,-93.97
0.933,-93.98
0.933,-93.99
0.933,-94.0
0.933,-94.01
0.933,-94.02
0.933,-94.03
0.933,-94.04
0.933,-94.07
0.933,-94.08
0.933,-94.09
0.933,-94.1
0.933,-94.11
0.933,-94.12
0.933,-94.13
0.933,-94.14
0.933,-94.15
0.933,-94.16
0.933,-94.17
0.933,-94.18
0.933,-94.19
0.933,-94.2
0.933,-97.71291590254127
0.933,-97.71291590254127
0.933,-94.21
0.933,-94.22
0.933,-94.23
0.933,-94.24
2.427,-94.25
2.427,-94.26
2.427,-94.27
2.427,-94.28
2.427,-94.29
2.427,-94.3
2.427,-94.31
2.427,-94.32
2.427,-94.33
2.427,-94.34
2.427,-94.35
2.427,-94.36
2.427,-94.37
2.427,-94.38
2.427,-94.39
2.427,-94.4
2.427,-94.41
2.427,-94.42
2.427,-94.43
2.427,-94.44
2.427,-94.45
2.427,-94.46
2.427,-94.47
2.427,-94.48
2.427,-94.49
2.427,-94.5
2.427,-94.51
2.427,-94.52
2.427,-94.53
2.427,-94.54
2.919,-94.57
2.919,-94.58
2.919,-94.59
2.919,-94.6
2.919,-94.61
2.919,-94.62
2.919,-94.63
2.919,-94.64
2.919,-94.65
2.919,-94.66
2.919,-94.67
2.919,-94.68
2.919,-94.69
2.919,-94.7
2.919,-94.71
2.919,-94.72
2.919,-97.71291590254127
2.919,-97.71291590254127
2.919,-94.73
2.919,-94.74
2.919,-94.75
2.919,-94.76
2.919,-94.77
2.919,-94.78
2.919,-94.79
2.919,-94.8
2.919,-94.81
2.919,-94.82
2.919,-94.83
2.919,-94.84
2.919,-94.85
7.688,-94.86
7.688,-94.87
7.688,-94.88
7.688,-94.89
7.688,-94.9
7.688,-94.91
7.688,-94.92
7.688,-94.93
7.688,-94.94
7.688,-94.95
7.688,-94.96
7.688,-94.97
7.688,-94.98
7.688,-94.99
7.688,-95.0
7.688,-95.01
7.688,-95.02
7.688,-95.03
7.688,-95.04
7.688,-95.07
7.688,-95.08
7.688,-95.09
7.688,-95.1
7.688,-95.11
7.688,-95.12
7.688,-95.13
7.688,-95.14
7.688,-95.15
7.688,-95.16
7.688,-95.17
2.849,-95.18
2.849,-95.19
2.849,-95.2
2.849,-95.21
2.849,-95.22
2.849,-95.23
2.849,-95.24
2.849,-97.71291590254127
2.849,-97.71291590254127
2.849,-95.25
2.849,-95.26
2.849,-95.27
2.849,-95.28
2.849,-95.29
2.849,-95.3
2.849,-95.31
2.849,-95.32
2.849,-95.33
2.849,-95.34
2.849,-95.35
2.849,-95.36
2.849,-95.37
2.849,-95.38
2.849,-95.39
2.849,-95.4
2.849,-95.41
2.849,-95.42
2.849,-95.43
2.849,-95.44
2.849,-95.45
2.849,-95.46
1.78,-95.47
1.78,-95.48
1.78,-95.49
1.78,-95.5
1.78,-95.51
1.78,-95.52
1.78,-95.53
1.78,-95.54
1.78,-95.57
1.78,-95.58
1.78,-95.59
1.78,-95.6
1.78,-95.61
1.78,-95.62
1.78,-95.63
1.78,-95.64
1.78,-95.65
1.78,-95.66
1.78,-95.67
1.78,-95.68
1.78,-95.69
1.78,-95.7
1.78,-95.71
1.78,-95.72
1.78,-95.73
1.78,-95.74
1.78,-95.75
1.78,-95.76
1.78,-97.71291590254127
1.78,-97.71291590254127
1.78,-95.77
3.778,-95.78
3.778,-95.79
3.778,-95.8
3.778,-95.81
3.778,-95.82
3.778,-95.83
3.778,-95.84
3.778,-95.85
3.778,-95.86
3.778,-95.87
3.778,-95.88
3.778,-95.89
3.778,-95.9
3.778,-95.91
3.778,-95.92
3.778,-95.93
3.778,-95.94
3.778,-95.95
3.778,-95.96
3.778,-95.97
3.778,-95.98
3.778,-95.99
3.778,-96.0
3.778,-96.01
3.778,-96.02
3.778,-96.03
3.778,-96.04
3.778,-96.07
4.346,-96.08
4.346,-96.09
4.346,-96.1
4.346,-96.11
4.346,-96.12
4.346,-96.13
4.346,-96.14
4.346,-96.15
4.346,-96.16
4.346,-96.17
4.346,-96.18
4.346,-96.19
4.346,-96.2
4.346,-96.21
4.346,-96.22
4.346,-96.23
4.346,-96.24
4.346,-96.25
4.346,-96.26
4.346,-96.27
4.346,-96.28
4.346,-97.71291590254127
4.346,-97.71291590254127
4.346,-96.29
4.346,-96.3
4.346,-96.31
4.346,-96.32
4.346,-96.33
4.346,-96.34
4.346,-96.35
4.346,-96.36
1.954,-96.37
1.954,-96.38
1.954,-96.39
1.954,-96.4
1.954,-96.41
1.954,-96.42
1.954,-96.43
1.954,-96.44
1.954,-96.45
1.954,-96.46
1.954,-96.47
1.954,-96.48
1.954,-96.49
1.954,-96.5
1.954,-96.51
1.954,-96.52
1.954,-96.53
1.954,-96.54
1.954,-96.57
1.954,-96.58
1.954,-96.59
1.954,-96.6
1.954,-96.61
1.954,-96.62
1.954,-96.63
1.954,-96.64
1.954,-96.65
1.954,-96.66
1.954,-96.67
1.954,-96.68
1.639,-96.69
1.639,-96.7
1.639,-96.71
1.639,-96.72
1.639,-96.73
1.639,-96.74
1.639,-96.75
1.639,-96.76
1.639,-96.77
1.639,-96.78
1.639,-96.79
1.639,-96.8
1.639,-97.71291590254127
1.639,-97.71291590254127
1.639,-96.81
1.639,-96.82
1.639,-96.83
1.639,-96.84
1.639,-96.85
1.639,-96.86
1.639,-96.87
1.639,-96.88
1.639,-96.89
1.639,-96.9
1.639,-96.91
1.639,-96.92
1.639,-96.93
1.639,-96.94
1.639,-96.95
1.639,-96.96
1.639,-96.97
1.915,-96.98
1.915,-96.99
1.915,-97.0
1.915,-97.01
1.915,-97.02
1.915,-97.03
1.915,-97.04
1.915,-97.07
1.915,-97.08
1.915,-97.09
1.915,-97.1
1.915,-97.11
1.915,-97.12
1.915,-97.13
1.915,-97.14
1.915,-97.15
1.915,-97.16
1.915,-97.17
1.915,-97.18
1.915,-97.19
1.915,-97.2
1.915,-97.21
1.915,-97.22
1.915,-97.23
1.915,-97.24
1.915,-97.25
1.915,-97.26
1.915,-97.27
1.915,-97.28
1.915,-97.29
0.852,-97.3
0.852,-97.31
0.852,-97.32
0.852,-97.71291590254127
0.852,-97.71291590254127
0.852,-97.33
0.852,-97.34
0.852,-97.35
0.852,-97.36
0.852,-97.37
0.852,-97.38
0.852,-97.39
0.852,-97.4
0.852,-97.41
0.852,-97.42
0.852,-97.43
0.852,-97.44
0.852,-97.45
0.852,-97.46
0.852,-97.47
0.852,-97.48
0.852,-97.49
0.852,-97.5
0.852,-97.51
0.852,-97.52
0.852,-97.53
0.852,-97.54
0.852,-97.57
0.852,-97.58
0.852,-97.59
0.852,-97.6
2.927,-97.61
2.927,-97.62
2.927,-97.63
2.927,-97.64
2.927,-97.65
2.927,-97.66
2.927,-97.67
2.927,-97.68
2.927,-97.69
2.927,-97.7
2.927,-97.71
2.927,-97.72
2.927,-97.73
2.927,-97.74
2.927,-97.75
2.927,-97.76
2.927,-97.77
2.927,-97.78
2.927,-97.79
2.927,-97.8
2.927,-97.81
2.927,-97.82
2.927,-97.83
2.927,-97.84
2.927,-97.71291590254127
2.927,-97.71291590254127
2.927,-97.85
2.927,-97.86
2.927,-97.87
2.927,-97.88
2.927,-97.89
1.71,-97.9
1.71,-97.91
1.71,-97.92
1.71,-97.93
1.71,-97.94
1.71,-97.95
1.71,-97.96
1.71,-97.97
1.71,-97.98
1.71,-97.99
1.71,-98.0
1.71,-98.01
1.71,-98.02
1.71,-98.03
1.71,-98.04
1.71,-98.07
1.71,-98.08
1.71,-98.09
1.71,-98.1
1.71,-98.11
1.71,-98.12
1.71,-98.13
1.71,-98.14
1.71,-98.15
1.71,-98.16
1.71,-98.17
1.71,-98.18
1.71,-98.19
1.71,-98.2
1.71,-98.21
4.232,-98.22
4.232,-98.23
4.232,-98.24
4.232,-98.25
4.232,-98.26
4.232,-98.27
4.232,-98.28
4.232,-98.29
4.232,-98.3
4.232,-98.31
4.232,-98.32
4.232,-98.33
4.232,-98.34
4.232,-98.35
4.232,-98.36
4.232,-97.71291590254127
4.232,-97.71291590254127
4.232,-98.37
4.232,-98.38
4.232,-98.39
4.232,-98.4
4.232,-98.41
4.232,-98.42
4.232,-98.43
4.232,-98.44
4.232,-98.45
4.232,-98.46
4.232,-98.47
4.232,-98.48
4.232,-98.49
4.232,-98.5
1.562,-98.51
1.562,-98.52
1.562,-98.53
1.562,-98.54
1.562,-98.57
1.562,-98.58
1.562,-98.59
1.562,-98.6
1.562,-98.61
1.562,-98.62
1.562,-98.63
1.562,-98.64
1.562,-98.65
1.562,-98.66
1.562,-98.67
1.562,-98.68
1.562,-98.69
1.562,-98.7
1.562,-98.71
1.562,-98.72
1.562,-98.73
1.562,-98.74
1.562,-98.75
1.562,-98.76
1.562,-98.77
1.562,-98.78
1.562,-98.79
1.562,-98.8
1.562,-98.81
1.562,-98.82
0.184,-98.83
0.184,-98.84
0.184,-98.85
0.184,-98.86
0.184,-98.87
0.184,-98.88
0.184,-97.71291590254127
0.184,-97.71291590254127
0.184,-98.89
0.184,-98.9
0.184,-98.91
0.184,-98.92
0.184,-98.93
0.184,-98.94
0.184,-98.95
0.184,-98.96
0.184,-98.97
0.184,-98.98
0.184,-98.99
0.184,-99.0
0.184,-99.01
0.184,-99.02
0.184,-99.03
0.184,-99.04
0.184,-99.07
0.184,-99.08
0.184,-99.09
0.184,-99.1
0.184,-99.11
0.184,-99.12
0.184,-99.13
1.608,-99.14
1.608,-99.15
1.608,-99.16
1.608,-99.17
1.608,-99.18
1.608,-99.19
1.608,-99.2
1.608,-99.21
1.608,-99.22
1.608,-99.23
1.608,-99.24
1.608,-99.25
1.608,-99.26
1.608,-99.27
1.608,-99.28
1.608,-99.29
1.608,-99.3
1.608,-99.31
1.608,-99.32
1.608,-99.33
1.608,-99.34
1.608,-99.35
1.608,-99.36
1.608,-99.37
1.608,-99.38
1.608,-99.39
1.608,-99.4
1.608,-97.71291590254127
1.608,-97.71291590254127
1.608,-99.41
1.608,-99.42
4.733,-99.43
4.733,-99.44
4.733,-99.45
4.733,-99.46
4.733,-99.47
4.733,-99.48
4.733,-99.49
4.733,-99.5
4.733,-99.51
4.733,-99.52
4.733,-99.53
4.733,-99.54
4.733,-99.57
4.733,-99.58
4.733,-99.59
4.733,-99.6
4.733,-99.61
4.733,-99.62
4.733,-99.63
4.733,-99.64
4.733,-99.65
4.733,-99.66
4.733,-99.67
4.733,-99.68
4.733,-99.69
4.733,-99.7
4.733,-99.71
4.733,-99.72
4.733,-99.73
1.867,-99.74
1.867,-99.75
1.867,-99.76
1.867,-99.77
1.867,-99.78
1.867,-99.79
1.867,-99.8
1.867,-99.81
1.867,-99.82
1.867,-99.83
1.867,-99.84
1.867,-99.85
1.867,-99.86
1.867,-99.87
1.867,-99.88
1.867,-99.89
1.867,-99.9
1.867,-99.91
1.867,-99.92
1.867,-97.71291590254127
1.867,-97.71291590254127
1.867,-99.93
1.867,-99.94
1.867,-99.95
1.867,-99.96
1.867,-99.97
1.867,-99.98
1.867,-99.99
1.867,-100.0
1.867,-100.01
1.867,-100.02
1.651,-100.03
1.651,-100.04
1.651,-100.07
1.651,-100.08
1.651,-100.09
1.651,-100.1
1.651,-100.11
1.651,-100.12
1.651,-100.13
1.651,-100.14
1.651,-100.15
1.651,-100.16
1.651,-100.17
1.651,-100.18
1.651,-100.19
1.651,-100.2
1.651,-100.21
1.651,-100.22
1.651,-100.23
1.651,-100.24
1.651,-100.25
1.651,-100.26
1.651,-100.27
1.651,-100.28
1.651,-100.29
1.651,-100.3
1.651,-100.31
1.651,-100.32
1.651,-100.33
1.651,-100.34
2.271,-100.35
2.271,-100.36
2.271,-100.37
2.271,-100.38
2.271,-100.39
2.271,-100.4
2.271,-100.41
2.271,-100.42
2.271,-100.43
2.271,-100.44
2.271,-97.71291590254127
2.271,-97.71291590254127
2.271,-100.45
2.271,-100.46
2.271,-100.47
2.271,-100.48
2.271,-100.49
2.271,-100.5
2.271,-100.51
2.271,-100.52
2.271,-100.53
2.271,-100.54
2.271,-100.57
2.271,-100.58
2.271,-100.59
2.271,-100.6
2.271,-100.61
2.271,-100.62
2.271,-100.63
2.271,-100.64
2.271,-100.65
2.927,-100.66
2.927,-100.67
2.927,-100.68
2.927,-100.69
2.927,-100.7
2.927,-100.71
2.927,-100.72
2.927,-100.73
2.927,-100.74
2.927,-100.75
2.927,-100.76
2.927,-100.77
2.927,-100.78
2.927,-100.79
2.927,-100.8
2.927,-100.81
2.927,-100.82
2.927,-100.83
2.927,-100.84
2.927,-100.85
2.927,-100.86
2.927,-100.87
2.927,-100.88
2.927,-100.89
2.927,-100.9
2.927,-100.91
2.927,-100.92
2.927,-100.93
2.927,-100.94
2.927,-100.95
1.244,-100.96
1.244,-97.71291590254127
1.244,-97.71291590254127
1.244,-100.97
1.244,-100.98
1.244,-100.99
1.244,-101.0
1.244,-101.01
1.244,-101.02
1.244,-101.03
1.244,-101.04
1.244,-101.07
1.244,-101.08
1.244,-101.09
1.244,-101.1
1.244,-101.11
1.244,-101.12
1.244,-101.13
1.244,-101.14
1.244,-101.15
1.244,-101.16
1.244,-101.17
1.244,-101.18
1.244,-101.19
1.244,-101.2
1.244,-101.21
1.244,-101.22
1.244,-101.23
1.244,-101.24
1.244,-101.25
1.244,-101.26
1.167,-101.27
1.167,-101.28
1.167,-101.29
1.167,-101.3
1.167,-101.31
1.167,-101.32
1.167,-101.33
1.167,-101.34
1.167,-101.35
1.167,-101.36
1.167,-101.37
1.167,-101.38
1.167,-101.39
1.167,-101.4
1.167,-101.41
1.167,-101.42
1.167,-101.43
1.167,-101.44
1.167,-101.45
1.167,-101.46
1.167,-101.47
1.167,-101.48
1.167,-97.71291590254127
1.167,-97.71291590254127
1.167,-101.49
1.167,-101.5
1.167,-101.51
1.167,-101.52
1.167,-101.53
1.167,-101.54
1.167,-101.57
3.581,-101.58
3.581,-101.59
3.581,-101.6
3.581,-101.61
3.581,-101.62
3.581,-101.63
3.581,-101.64
3.581,-101.65
3.581,-101.66
3.581,-101.67
3.581,-101.68
3.581,-101.69
3.581,-101.7
3.581,-101.71
3.581,-101.72
3.581,-101.73
3.581,-101.74
3.581,-101.75
3.581,-101.76
3.581,-101.77
3.581,-101.78
3.581,-101.79
3.581,-101.8
3.581,-101.81
3.581,-101.82
3.581,-101.83
3.581,-101.84
3.581,-101.85
3.581,-101.86
3.581,-101.87
4.03,-101.88
4.03,-101.89
4.03,-101.9
4.03,-101.91
4.03,-101.92
4.03,-101.93
4.03,-101.94
4.03,-101.95
4.03,-101.96
4.03,-101.97
4.03,-101.98
4.03,-101.99
4.03,-102.0
4.03,-97.71291590254127
4.03,-97.71291590254127
4.03,-102.01
4.03,-102.02
4.03,-102.03
4.03,-102.04
4.03,-102.07
4.03,-102.08
4.03,-102.09
4.03,-102.1
4.03,-102.11
4.03,-102.12
4.03,-102.13
4.03,-102.14
4.03,-102.15
4.03,-102.16
4.03,-102.17
4.03,-102.18
2.913,-102.19
2.913,-102.2
2.913,-102.21
2.913,-102.22
2.913,-102.23
2.913,-102.24
2.913,-102.25
2.913,-102.26
2.913,-102.27
2.913,-102.28
2.913,-102.29
2.913,-102.3
2.913,-102.31
2.913,-102.32
2.913,-102.33
2.913,-102.34
2.913,-102.35
2.913,-102.36
2.913,-102.37
2.913,-102.38
2.913,-102.39
2.913,-102.4
2.913,-102.41
2.913,-102.42
2.913,-102.43
2.913,-102.44
2.913,-102.45
2.913,-102.46
2.913,-102.47
2.913,-102.48
0.566,-102.49
0.566,-102.5
0.566,-102.51
0.566,-102.52
0.566,-97.71291590254127
0.566,-97.71291590254127
0.566,-102.53
0.566,-102.54
0.566,-102.57
0.566,-102.58
0.566,-102.59
0.566,-102.6
0.566,-102.61
0.566,-102.62
0.566,-102.63
0.566,-102.64
0.566,-102.65
0.566,-102.66
0.566,-102.67
0.566,-102.68
0.566,-102.69
0.566,-102.7
0.566,-102.71
0.566,-102.72
0.566,-102.73
0.566,-102.74
0.566,-102.75
0.566,-102.76
0.566,-102.77
0.566,-102.78
0.566,-102.79
1.402,-102.8
1.402,-102.81
1.402,-102.82
1.402,-102.83
1.402,-102.84
1.402,-102.85
1.402,-102.86
1.402,-102.87
1.402,-102.88
1.402,-102.89
1.402,-102.9
1.402,-102.91
1.402,-102.92
1.402,-102.93
1.402,-102.94
1.402,-102.95
1.402,-102.96
1.402,-102.97
1.402,-102.98
1.402,-102.99
1.402,-103.0
1.402,-103.01
1.402,-103.02
1.402,-103.03
1.402,-103.04
1.402,-97.71291590254127
1.402,-97.71291590254127
1.402,-103.07
1.402,-103.08
1.402,-103.09
1.402,-103.1
1.733,-103.11
1.733,-103.12
1.733,-103.13
1.733,-103.14
1.733,-103.15
1.733,-103.16
1.733,-103.17
1.733,-103.18
1.733,-103.19
1.733,-103.2
1.733,-103.21
1.733,-103.22
1.733,-103.23
1.733,-103.24
1.733,-103.25
1.733,-103.26
1.733,-103.27
1.733,-103.28
1.733,-103.29
1.733,-103.3
1.733,-103.31
1.733,-103.32
1.733,-103.33
1.733,-103.34
1.733,-103.35
1.733,-103.36
1.733,-103.37
1.733,-103.38
1.429,-103.39
1.429,-103.4
1.429,-103.41
1.429,-103.42
1.429,-103.43
1.429,-103.44
1.429,-103.45
1.429,-103.46
1.429,-103.47
1.429,-103.48
1.429,-103.49
1.429,-103.5
1.429,-103.51
1.429,-103.52
1.429,-103.53
1.429,-103.54
1.429,-103.55
1.429,-103.56
1.429,-103.57
1.429,-103.58
1.429,-103.59
1.429,-103.6
1.429,-103.61
1.429,-103.62
1.429,-103.63
1.429,-103.64
1.429,-103.65
1.429,-103.66
1.429,-103.67
1.429,-103.68
1.429,-103.69
1.668,-103.7
1.668,-103.71
1.668,-103.72
1.668,-103.73
1.668,-103.74
1.668,-103.75
1.668,-103.76
1.668,-103.77
1.668,-103.78
1.668,-103.79
1.668,-103.8
1.668,-103.81
1.668,-103.82
1.668,-103.83
1.668,-103.84
1.668,-103.85
1.668,-103.86
1.668,-103.87
1.668,-103.88
1.668,-103.89
1.668,-103.9
1.668,-103.91
1.668,-103.92
1.668,-103.93
1.668,-103.94
1.668,-103.95
1.668,-103.96
1.668,-103.97
1.668,-103.98
1.668,-103.99
1.377,-104.0
1.377,-104.01
1.377,-104.02
1.377,-104.03
1.377,-104.04
1.377,-104.05
1.377,-104.06
1.377,-97.71291590254127
1.377,-97.71291590254127
1.377,-104.09
1.377,-104.1
1.377,-104.11
1.377,-104.12
1.377,-104.13
1.377,-104.14
1.377,-104.15
1.377,-104.16
1.377,-104.17
1.377,-104.18
1.377,-104.19
1.377,-104.2
1.377,-104.21
1.377,-104.22
1.377,-104.23
1.377,-104.24
1.377,-104.25
1.377,-104.26
1.377,-104.27
1.377,-104.28
1.377,-104.29
1.377,-104.3
0.867,-104.31
0.867,-104.32
0.867,-104.33
0.867,-104.34
0.867,-104.35
0.867,-104.36
0.867,-104.37
0.867,-104.38
0.867,-104.39
0.867,-104.4
0.867,-104.41
0.867,-104.42
0.867,-104.43
0.867,-104.44
0.867,-104.45
0.867,-104.46
0.867,-104.47
0.867,-104.48
0.867,-104.49
0.867,-104.5
0.867,-104.51
0.867,-104.52
0.867,-104.53
0.867,-104.54
0.867,-104.55
0.867,-104.56
0.867,-104.59
0.867,-104.6
0.867,-97.71291590254127
0.867,-97.71291590254127
0.721,-104.61
0.721,-104.62
0.721,-104.63
0.721,-104.64
0.721,-104.65
0.721,-104.66
0.721,-104.67
0.721,-104.68
0.721,-104.69
0.721,-104.7
0.721,-104.71
0.721,-104.72
0.721,-104.73
0.721,-104.74
0.721,-104.75
0.721,-104.76
0.721,-104.77
0.721,-104.78
0.721,-104.79
0.721,-104.8
0.721,-104.81
0.721,-104.82
0.721,-104.83
0.721,-104.84
0.721,-104.85
0.721,-104.86
0.721,-104.87
0.721,-104.88
0.721,-104.89
0.721,-104.9
0.721,-104.91
0.388,-104.92
0.388,-104.93
0.388,-104.94
0.388,-104.95
0.388,-104.96
0.388,-104.97
0.388,-104.98
0.388,-104.99
0.388,-105.0
0.388,-105.01
0.388,-105.02
0.388,-105.03
0.388,-105.04
0.388,-105.05
0.388,-105.06
0.388,-105.09
0.388,-105.1
0.388,-105.11
0.388,-105.12
0.388,-97.71291590254127
0.388,-97.71291590254127
0.388,-105.13
0.388,-105.14
0.388,-105.15
0.388,-105.16
0.388,-105.17
0.388,-105.18
0.388,-105.19
0.388,-105.2
0.388,-105.21
0.388,-105.22
3.858,-105.23
3.858,-105.24
3.858,-105.25
3.858,-105.26
3.858,-105.27
3.858,-105.28
3.858,-105.29
3.858,-105.3
3.858,-105.31
3.858,-105.32
3.858,-105.33
3.858,-105.34
3.858,-105.35
3.858,-105.36
3.858,-105.37
3.858,-105.38
3.858,-105.39
3.858,-105.4
3.858,-105.41
3.858,-105.42
3.858,-105.43
3.858,-105.44
3.858,-105.45
3.858,-105.46
3.858,-105.47
3.858,-105.48
3.858,-105.49
3.858,-105.5
3.858,-105.51
3.858,-105.52
0.691,-105.53
0.691,-105.54
0.691,-105.55
0.691,-105.56
0.691,-105.59
0.691,-105.6
0.691,-105.61
0.691,-105.62
0.691,-105.63
0.691,-105.64
0.691,-97.71291590254127
0.691,-97.71291590254127
0.691,-105.65
0.691,-105.66
0.691,-105.67
0.691,-105.68
0.691,-105.69
0.691,-105.7
0.691,-105.71
0.691,-105.72
0.691,-105.73
0.691,-105.74
0.691,-105.75
0.691,-105.76
0.691,-105.77
0.691,-105.78
0.691,-105.79
0.691,-105.8
0.691,-105.81
0.691,-105.82
0.691,-105.83
3.571,-105.84
3.571,-105.85
3.571,-105.86
3.571,-105.87
3.571,-105.88
3.571,-105.89
3.571,-105.9
3.571,-105.91
3.571,-105.92
3.571,-105.93
3.571,-105.94
3.571,-105.95
3.571,-105.96
3.571,-105.97
3.571,-105.98
3.571,-105.99
3.571,-106.0
3.571,-106.01
3.571,-106.02
3.571,-106.03
3.571,-106.04
3.571,-106.05
3.571,-106.06
3.571,-106.09
3.571,-106.1
3.571,-106.11
3.571,-106.12
3.571,-106.13
3.571,-106.14
3.571,-106.15
2.569,-106.16
2.569,-97.71291590254127
2.569,-97.71291590254127
2.569,-106.17
2.569,-106.18
2.569,-106.19
2.569,-106.2
2.569,-106.21
2.569,-106.22
2.569,-106.23
2.569,-106.24
2.569,-106.25
2.569,-106.26
2.569,-106.27
2.569,-106.28
2.569,-106.29
2.569,-106.3
2.569,-106.31
2.569,-106.32
2.569,-106.33
2.569,-106.34
2.569,-106.35
2.569,-106.36
2.569,-106.37
2.569,-106.38
2.569,-106.39
2.569,-106.4
2.569,-106.41
2.569,-106.42
2.569,-106.43
2.569,-106.44
1.315,-106.45
1.315,-106.46
1.315,-106.47
1.315,-106.48
1.315,-106.49
1.315,-106.5
1.315,-106.51
1.315,-106.52
1.315,-106.53
1.315,-106.54
1.315,-106.55
1.315,-106.56
1.315,-106.59
1.315,-106.6
1.315,-106.61
1.315,-106.62
1.315,-106.63
1.315,-106.64
1.315,-106.65
1.315,-106.66
1.315,-106.67
1.315,-106.68
1.315,-97.71291590254127
1.315,-97.71291590254127
1.315,-106.69
1.315,-106.7
1.315,-106.71
1.315,-106.72
1.315,-106.73
1.315,-106.74
1.315,-106.75
2.927,-106.76
2.927,-106.77
2.927,-106.78
2.927,-106.79
2.927,-106.8
2.927,-106.81
2.927,-106.82
2.927,-106.83
2.927,-106.84
2.927,-106.85
2.927,-106.86
2.927,-106.87
2.927,-106.88
2.927,-106.89
2.927,-106.9
2.927,-106.91
2.927,-106.92
2.927,-106.93
2.927,-106.94
2.927,-106.95
2.927,-106.96
2.927,-106.97
2.927,-106.98
2.927,-106.99
2.927,-107.0
2.927,-107.01
2.927,-107.02
2.927,-107.03
4.318,-107.04
4.318,-107.05
4.318,-107.06
4.318,-107.09
4.318,-107.1
4.318,-107.11
4.318,-107.12
4.318,-107.13
4.318,-107.14
4.318,-107.15
4.318,-107.16
4.318,-107.17
4.318,-107.18
4.318,-107.19
4.318,-107.2
4.318,-97.71291590254127
4.318,-97.71291590254127
4.318,-107.21
4.318,-107.22
4.318,-107.23
4.318,-107.24
4.318,-107.25
4.318,-107.26
4.318,-107.27
4.318,-107.28
4.318,-107.29
4.318,-107.3
4.318,-107.31
4.318,-107.32
4.318,-107.33
4.318,-107.34
1.797,-107.35
1.797,-107.36
1.797,-107.37
1.797,-107.38
1.797,-107.39
1.797,-107.4
1.797,-107.41
1.797,-107.42
1.797,-107.43
1.797,-107.44
1.797,-107.45
1.797,-107.46
1.797,-107.47
1.797,-107.48
1.797,-107.49
1.797,-107.5
1.797,-107.51
1.797,-107.52
1.797,-107.53
1.797,-107.54
1.797,-107.55
1.797,-107.56
1.797,-107.59
1.797,-107.6
1.797,-107.61
1.797,-107.62
1.797,-107.63
1.797,-107.64
1.797,-107.65
1.797,-107.66
3.803,-107.67
3.803,-107.68
3.803,-107.69
3.803,-107.7
3.803,-107.71
3.803,-107.72
3.803,-97.71291590254127
3.803,-97.71291590254127
3.803,-107.73
3.803,-107.74
3.803,-107.75
3.803,-107.76
3.803,-107.77
3.803,-107.78
3.803,-107.79
3.803,-107.8
3.803,-107.81
3.803,-107.82
3.803,-107.83
3.803,-107.84
3.803,-107.85
3.803,-107.86
3.803,-107.87
3.803,-107.88
3.803,-107.89
3.803,-107.9
3.803,-107.91
3.803,-107.92
3.803,-107.93
3.803,-107.94
3.803,-107.95
1.143,-107.96
1.143,-107.97
1.143,-107.98
1.143,-107.99
1.143,-108.0
1.143,-108.01
1.143,-108.02
1.143,-108.03
1.143,-108.04
1.143,-108.05
1.143,-108.06
1.143,-108.09
1.143,-108.1
1.143,-108.11
1.143,-108.12
1.143,-108.13
1.143,-108.14
1.143,-108.15
1.143,-108.16
1.143,-108.17
1.143,-108.18
1.143,-108.19
1.143,-108.2
1.143,-108.21
1.143,-108.22
1.143,-108.23
1.143,-108.24
1.143,-97.71291590254127
1.143,-97.71291590254127
1.143,-108.25
0.466,-108.26
0.466,-108.27
0.466,-108.28
0.466,-108.29
0.466,-108.3
0.466,-108.31
0.466,-108.32
0.466,-108.33
0.466,-108.34
0.466,-108.35
0.466,-108.36
0.466,-108.37
0.466,-108.38
0.466,-108.39
0.466,-108.4
0.466,-108.41
0.466,-108.42
0.466,-108.43
0.466,-108.44
0.466,-108.45
0.466,-108.46
0.466,-108.47
0.466,-108.48
0.466,-108.49
0.466,-108.5
0.466,-108.51
0.466,-108.52
0.466,-108.53
0.466,-108.54
0.466,-108.55
0.466,-108.56
3.005,-108.59
3.005,-108.6
3.005,-108.61
3.005,-108.62
3.005,-108.63
3.005,-108.64
3.005,-108.65
3.005,-108.66
3.005,-108.67
3.005,-108.68
3.005,-108.69
3.005,-108.7
3.005,-108.71
3.005,-108.72
3.005,-108.73
3.005,-108.74
3.005,-108.75
3.005,-108.76
3.005,-97.71291590254127
3.005,-97.71291590254127
3.005,-108.77
3.005,-108.78
3.005,-108.79
3.005,-108.8
3.005,-108.81
3.005,-108.82
3.005,-108.83
3.005,-108.84
3.005,-108.85
3.005,-108.86
3.005,-108.87
1.454,-108.88
1.454,-108.89
1.454,-108.9
1.454,-108.91
1.454,-108.92
1.454,-108.93
1.454,-108.94
1.454,-108.95
1.454,-108.96
1.454,-108.97
1.454,-108.98
1.454,-108.99
1.454,-109.0
1.454,-109.01
1.454,-109.02
1.454,-109.03
1.454,-109.04
1.454,-109.05
1.454,-109.06
1.454,-109.09
1.454,-109.1
1.454,-109.11
1.454,-109.12
1.454,-109.13
1.454,-109.14
1.454,-109.15
1.454,-109.16
1.454,-109.17
1.454,-109.18
1.454,-109.19
2.902,-109.2
2.902,-109.21
2.902,-109.22
2.902,-109.23
2.902,-109.24
2.902,-109.25
2.902,-109.26
2.902,-109.27
2.902,-109.28
2.902,-97.71291590254127
2.902,-97.71291590254127
2.902,-109.29
2.902,-109.3
2.902,-109.31
2.902,-109.32
2.902,-109.33
2.902,-109.34
2.902,-109.35
2.902,-109.36
2.902,-109.37
2.902,-109.38
2.902,-109.39
2.902,-109.4
2.902,-109.41
2.902,-109.42
2.902,-109.43
2.902,-109.44
2.902,-109.45
2.902,-109.46
2.902,-109.47
2.902,-109.48
5.376,-109.49
5.376,-109.5
5.376,-109.51
5.376,-109.52
5.376,-109.53
5.376,-109.54
5.376,-109.55
5.376,-109.56
5.376,-109.59
5.376,-109.6
5.376,-109.61
5.376,-109.62
5.376,-109.63
5.376,-109.64
5.376,-109.65
5.376,-109.66
5.376,-109.67
5.376,-109.68
5.376,-109.69
5.376,-109.7
5.376,-109.71
5.376,-109.72
5.376,-109.73
5.376,-109.74
5.376,-109.75
5.376,-109.76
5.376,-109.77
5.376,-109.78
5.376,-109.79
5.376,-109.8
1.824,-97.71291590254127
1.824,-97.71291590254127
1.824,-109.81
1.824,-109.82
1.824,-109.83
1.824,-109.84
1.824,-109.85
1.824,-109.86
1.824,-109.87
1.824,-109.88
1.824,-109.89
1.824,-109.9
1.824,-109.91
1.824,-109.92
1.824,-109.93
1.824,-109.94
1.824,-109.95
1.824,-109.96
1.824,-109.97
1.824,-109.98
1.824,-109.99
1.824,-110.0
1.824,-110.01
1.824,-110.02
1.824,-110.03
1.824,-110.04
1.824,-110.05
1.824,-110.06
1.824,-110.09
1.824,-110.1
1.824,-110.11
2.242,-110.12
2.242,-110.13
2.242,-110.14
2.242,-110.15
2.242,-110.16
2.242,-110.17
2.242,-110.18
2.242,-110.19
2.242,-110.2
2.242,-110.21
2.242,-110.22
2.242,-110.23
2.242,-110.24
2.242,-110.25
2.242,-110.26
2.242,-110.27
2.242,-110.28
2.242,-110.29
2.242,-110.3
2.242,-110.31
2.242,-110.32
2.242,-97.71291590254127
2.242,-97.71291590254127
2.242,-110.33
2.242,-110.34
2.242,-110.35
2.242,-110.36
2.242,-110.37
2.242,-110.38
2.242,-110.39
2.242,-110.4
1.822,-110.41
1.822,-110.42
1.822,-110.43
1.822,-110.44
1.822,-110.45
1.822,-110.46
1.822,-110.47
1.822,-110.48
1.822,-110.49
1.822,-110.5
1.822,-110.51
1.822,-110.52
1.822,-110.53
1.822,-110.54
1.822,-110.55
1.822,-110.56
1.822,-110.59
1.822,-110.6
1.822,-110.61
1.822,-110.62
1.822,-110.63
1.822,-110.64
1.822,-110.65
1.822,-110.66
1.822,-110.67
1.822,-110.68
1.822,-110.69
1.822,-110.7
1.041,-110.71
1.041,-110.72
1.041,-110.73
1.041,-110.74
1.041,-110.75
1.041,-110.76
1.041,-110.77
1.041,-110.78
1.041,-110.79
1.041,-110.8
1.041,-110.81
1.041,-110.82
1.041,-110.83
1.041,-110.84
1.041,-97.71291590254127
1.041,-97.71291590254127
1.041,-110.85
1.041,-110.86
1.041,-110.87
1.041,-110.88
1.041,-110.89
1.041,-110.9
1.041,-110.91
1.041,-110.92
1.041,-110.93
1.041,-110.94
1.041,-110.95
1.041,-110.96
1.041,-110.97
1.041,-110.98
1.041,-110.99
2.611,-111.0
2.611,-111.01
2.611,-111.02
2.611,-111.03
2.611,-111.04
2.611,-111.05
2.611,-111.06
2.611,-111.09
2.611,-111.1
2.611,-111.11
2.611,-111.12
2.611,-111.13
2.611,-111.14
2.611,-111.15
2.611,-111.16
2.611,-111.17
2.611,-111.18
2.611,-111.19
2.611,-111.2
2.611,-111.21
2.611,-111.22
2.611,-111.23
2.611,-111.24
2.611,-111.25
2.611,-111.26
2.611,-111.27
2.611,-111.28
2.611,-111.29
2.611,-111.3
2.611,-111.31
3.544,-111.32
3.544,-111.33
3.544,-111.34
3.544,-111.35
3.544,-111.36
3.544,-97.71291590254127
3.544,-97.71291590254127
3.544,-111.37
3.544,-111.38
3.544,-111.39
3.544,-111.4
3.544,-111.41
3.544,-111.42
3.544,-111.43
3.544,-111.44
3.544,-111.45
3.544,-111.46
3.544,-111.47
3.544,-111.48
3.544,-111.49
3.544,-111.5
3.544,-111.51
3.544,-111.52
3.544,-111.53
3.544,-111.54
3.544,-111.55
3.544,-111.56
3.544,-111.59
3.544,-111.6
3.544,-111.61
3.544,-111.62
0.778,-111.63
0.778,-111.64
0.778,-111.65
0.778,-111.66
0.778,-111.67
0.778,-111.68
0.778,-111.69
0.778,-111.7
0.778,-111.71
0.778,-111.72
0.778,-111.73
0.778,-111.74
0.778,-111.75
0.778,-111.76
0.778,-111.77
0.778,-111.78
0.778,-111.79
0.778,-111.8
0.778,-111.81
0.778,-111.82
0.778,-111.83
0.778,-111.84
0.778,-111.85
0.778,-111.86
0.778,-111.87
0.778,-111.88
0.778,-97.71291590254127
0.778,-97.71291590254127
0.778,-111.89
0.778,-111.9
2.402,-111.91
2.402,-111.92
2.402,-111.93
2.402,-111.94
2.402,-111.95
2.402,-111.96
2.402,-111.97
2.402,-111.98
2.402,-111.99
2.402,-112.0
2.402,-112.01
2.402,-112.02
2.402,-112.03
2.402,-112.04
2.402,-112.05
2.402,-112.06
2.402,-112.09
2.402,-112.1
2.402,-112.11
2.402,-112.12
2.402,-112.13
2.402,-112.14
2.402,-112.15
2.402,-112.16
2.402,-112.17
2.402,-112.18
2.402,-112.19
2.402,-112.2
2.402,-112.21
2.402,-112.22
2.402,-112.23
0.733,-112.24
0.733,-112.25
0.733,-112.26
0.733,-112.27
0.733,-112.28
0.733,-112.29
0.733,-112.3
0.733,-112.31
0.733,-112.32
0.733,-112.33
0.733,-112.34
0.733,-112.35
0.733,-112.36
0.733,-112.37
0.733,-112.38
0.733,-112.39
0.733,-112.4
0.733,-97.71291590254127
0.733,-97.71291590254127
0.733,-112.41
0.733,-112.42
0.733,-112.43
0.733,-112.44
0.733,-112.45
0.733,-112.46
0.733,-112.47
0.733,-112.48
0.733,-112.49
0.733,-112.5
0.733,-112.51
0.733,-112.52
3.0,-112.53
3.0,-112.54
3.0,-112.55
3.0,-112.56
3.0,-112.59
3.0,-112.6
3.0,-112.61
3.0,-112.62
3.0,-112.63
3.0,-112.64
3.0,-112.65
3.0,-112.66
3.0,-112.67
3.0,-112.68
3.0,-112.69
3.0,-112.7
3.0,-112.71
3.0,-112.72
3.0,-112.73
3.0,-112.74
3.0,-112.75
3.0,-112.76
3.0,-112.77
3.0,-112.78
3.0,-112.79
3.0,-112.8
3.0,-112.81
3.0,-112.82
3.0,-112.83
3.0,-112.84
1.436,-112.85
1.436,-112.86
1.436,-112.87
1.436,-112.88
1.436,-112.89
1.436,-112.9
1.436,-112.91
1.436,-112.92
1.436,-97.71291590254127
1.436,-97.71291590254127
1.436,-112.93
1.436,-112.94
1.436,-112.95
1.436,-112.96
1.436,-112.97
1.436,-112.98
1.436,-112.99
1.436,-113.0
1.436,-113.01
1.436,-113.02
1.436,-113.03
1.436,-113.04
1.436,-113.05
1.436,-113.06
1.436,-113.09
1.436,-113.1
1.436,-113.11
1.436,-113.12
1.436,-113.13
1.436,-113.14
1.436,-113.15
9.084,-113.16
9.084,-113.17
9.084,-113.18
9.084,-113.19
9.084,-113.2
9.084,-113.21
9.084,-113.22
9.084,-113.23
9.084,-113.24
9.084,-113.25
9.084,-113.26
9.084,-113.27
9.084,-113.28
9.084,-113.29
9.084,-113.3
9.084,-113.31
9.084,-113.32
9.084,-113.33
9.084,-113.34
9.084,-113.35
9.084,-113.36
9.084,-113.37
9.084,-113.38
9.084,-113.39
9.084,-113.4
9.084,-113.41
9.084,-113.42
9.084,-113.43
9.084,-113.44
9.084,-97.71291590254127
2.6,-97.71291590254127
2.6,-113.45
2.6,-113.46
2.6,-113.47
2.6,-113.48
2.6,-113.49
2.6,-113.5
2.6,-113.51
2.6,-113.52
2.6,-113.53
2.6,-113.54
2.6,-113.55
2.6,-113.56
2.6,-113.59
2.6,-113.6
2.6,-113.61
2.6,-113.62
2.6,-113.63
2.6,-113.64
2.6,-113.65
2.6,-113.66
2.6,-113.67
2.6,-113.68
2.6,-113.69
2.6,-113.7
2.6,-113.71
2.6,-113.72
2.6,-113.73
2.6,-113.74
2.6,-113.75
2.6,-113.76
2.2,-113.77
0.2,-113.78
0.0,-113.79
0.0,-113.8
0.2,-113.81
0.0,-113.82
0.0,-113.83
0.0,-113.84
0.2,-113.85
0.0,-113.86
0.0,-113.87
0.2,-113.88
0.2,-113.89
0.0,-113.9
0.2,-113.91
0.0,-113.92
0.2,-113.93
7.8,-113.94
1.6,-113.95
0.0,-113.96
0.0,-113.96
0.0,-113.96
0.2,-113.97
0.0,-113.98
4.2,-113.99
0.2,-114.0
0.2,-114.01
2.2,-114.02
0.2,-114.03
0.2,-114.04
0.0,-114.05
16.4,-114.06
2.4,-114.09
0.0,-114.1
3.0,-114.11
0.8,-114.12
0.0,-114.13
0.0,-114.14
0.0,-114.15
0.2,-114.16
0.4,-114.17
0.0,-114.18
0.2,-114.19
0.0,-114.2
8.2,-114.21
0.0,-114.22
0.2,-114.23
0.0,-114.24
0.0,-114.25
4.6,-114.26
0.2,-106.92
0.0,-106.47
0.0,-105.96
0.0,-105.6
0.0,-105.29
0.0,-104.93
5.0,-104.82
4.8,-104.49
6.2,-104.15
0.0,-103.78
0.0,-97.71291590254127
18.8,-103.27
8.8,-104.06
0.2,-104.49
0.2,-104.57
8.6,-104.56
2.6,-104.35
0.2,-104.22
0.0,-104.08
0.0,-103.83
0.0,-103.54
0.0,-103.34
0.0,-103.24
0.0,-103.1
0.2,-103.09
0.0,-102.92
0.0,-102.6
0.0,-102.5
0.2,-102.39
0.0,-102.42
0.0,-102.5
0.0,-102.26
0.0,-102.58
0.6,-102.38
0.0,-102.24
0.0,-102.27
0.0,-102.11
9.2,-102.03
2.6,-101.89
1.6,-101.7
1.2,-101.89
0.4,-101.61
0.0,-101.36
0.0,-101.2
0.0,-101.07
0.0,-100.89
0.0,-100.65
0.0,-100.23
0.0,-99.91
0.0,-99.65
0.0,-99.35
0.0,-99.11
0.0,-98.8
0.0,-98.59
1.4,-98.37
0.0,-98.23
0.0,-97.92
0.0,-97.61
0.0,-97.26
0.0,-96.89
18.2,-96.58
1.0,-96.48
8.8,-96.22
0.0,-95.96
0.0,-95.74
0.2,-95.39
0.0,-95.06
0.0,-94.85
15.4,-94.8
6.8,-94.62
0.0,-94.21
0.0,-93.99
1.6,-93.65
0.0,-93.26
0.0,-92.82
0.0,-92.46
0.0,-92.06
0.0,-91.65
0.0,-91.28
0.0,-90.88
0.0,-90.49
2.8,-90.17
5.6,-89.78
0.4,-89.49
0.0,-89.15
0.0,-88.63
0.0,-88.08
0.0,-87.86
0.0,-87.42
76.0,-87.04
3.2,-86.76
0.0,-86.51
0.0,-86.24
0.0,-85.86
0.0,-85.45
0.0,-85.0
0.0,-84.61
0.0,-84.13
0.0,-83.75
22.8,-83.37
2.4,-83.18
0.4,-82.93
0.0,-82.48
4.4,-81.83
0.6,-81.64
8.0,-81.23
20.0,-81.51
0.2,-81.16
0.0,-80.81
2.6,-80.27
1.6,-79.73
3.6,-79.3
6.2,-79.12
0.2,-78.63
0.8,-78.29
1.6,-77.9
4.8,-77.43
0.6,-77.14
10.0,-76.89
2.8,-76.42
0.2,-76.39
0.0,-76.01
0.0,-75.64
0.0,-75.31
0.0,-74.88
0.0,-74.58
0.0,-74.29
0.0,-73.93
0.0,-73.6
0.0,-73.14
0.0,-72.88
0.0,-72.55
